VALIDATOR_NAME,STATUS,OPERATOR_ADDRESS,ASACCOUNT_ADDRESS,VOTING_POWER,STAKED_AMOUNT,SELF_DELEGATION_AMOUNT,COMMISSION
Allnodes.com ‚ö°Ô∏è Auto-compound (Ledger or Keplr),Active,terravaloper120ppepaj2lh5vreadx42wnjjznh55vvktp78wk,terra120ppepaj2lh5vreadx42wnjjznh55vvktwj679,1.98,12615927,5125.424019,0
North Star,Active,terravaloper1tjywsl9vf34rh4exer4mhxsrqqh9hy9j9t6gkr,terra1tjywsl9vf34rh4exer4mhxsrqqh9hy9j9yk4xs,0.42,2163402,2,2
Defi Suffrage,Active,terravaloper1w6pd8at32vh8r2kz8me8c6535sfwhjzkuennrf,terra1w6pd8at32vh8r2kz8me8c6535sfwhjzkuklwn6,0.57,4010577,701,10
NITAWA,Active,terravaloper150pqxd0j27mjg4yy4fafhkm7gfhsk8xvyfft0y,terra150pqxd0j27mjg4yy4fafhkm7gfhsk8xvyx9klh,0.73,3801439,88,10
Sapient Nodes,Active,terravaloper12y453v20w2dlv2y0vlepf88ng0r6sfsz6k7qm4,terra12y453v20w2dlv2y0vlepf88ng0r6sfsz6ejatx,0.65,3497682,99,5
NodeZombie | 0% Commission and 1% MAX commission.,Inactive,terravaloper1rx8es8n64979ttp23w2hvssm5m0qfdp3a6ayj4,terra1rx8es8n64979ttp23w2hvssm5m0qfdp3a43ezx,0,0,5,0
Tezro,Inactive,terravaloper10443zhx9hjt63ha92492qw3e7l7q2pnjd9ft8z,terra10443zhx9hjt63ha92492qw3e7l7q2pnjd29kh3,0,0,10,10
‚úÖ CryptoCrew - 100% MEV revenue to $LUNA stakers! #IBCgang #REstake,Active,terravaloper199fjq4rnfvz24cktl8cervx8h8e90rukmgdv5x,terra199fjq4rnfvz24cktl8cervx8h8e90rukm8p3y4,0.56,3024979,1,5
AthensProject,Inactive,terravaloper1dmkdw7q23acc72knqv9yu46pz2m363705cnt27,terra1dmkdw7q23acc72knqv9yu46pz2m363705hlk6d,0,0,1,0
Mario,Active,terravaloper1rgdps79da300t87twwkcly6ec3vlpgpfgnsel5,terra1rgdps79da300t87twwkcly6ec3vlpgpfguuy08,0.56,2980787,1.9999,8
Easy 2 Stake,Active,terravaloper1kgn6zznfq2xwrw3hrh7qtqjwu98es7vt8azjl3,terra1kgn6zznfq2xwrw3hrh7qtqjwu98es7vt8jw00z,0.69,2671776,2403,5
8moon,Active,terravaloper1uv45luc5fzq66u9enmnv44k8c7j2zuge5kr60r,terra1uv45luc5fzq66u9enmnv44k8c7j2zuge5e08ls,0.38,1923709,9582,20
Moon Platoon,Active,terravaloper1j4cc2p4f4t4m3z37gumr6cr64vm605aa4wmcyf,terra1j4cc2p4f4t4m3z37gumr6cr64vm605aa4ph956,0.62,3305285,2.706896,20
Shut down,Inactive,terravaloper13fkxypqa0e3lvzu2fay7mslc2xsghv26a3a7jl,terra13fkxypqa0e3lvzu2fay7mslc2xsghv26a73rzv,0,0,7.9995,4
Long Live Luna,Active,terravaloper1arm3fzjp7qv8e5gyhraeykcpjte6wh562yre97,terra1arm3fzjp7qv8e5gyhraeykcpjte6wh562t0y4d,0,0,90,20
Hex Trust,Jailed,terravaloper135rv58zmcs6usxazsqrc70uwc4mlxkwdlhmlu9,terra135rv58zmcs6usxazsqrc70uwc4mlxkwdlchzvk,0,1964675,0.9999,10
MissionControl,Active,terravaloper1sextn6xd46edrc02tf6d2fysmqw62qu7ng3kkm,terra1sextn6xd46edrc02tf6d2fysmqw62qu7n8atxg,0.43,3252668,250,5
Mosaic,Active,terravaloper1tthd0d5t6xksag3qp5cwvmyj7d6k9sktujnjrk,terra1tthd0d5t6xksag3qp5cwvmyj7d6k9sktual0n9,1.82,9731559,1,8
StakeSabai,Active,terravaloper1g0deaesmwy2qg9zupynx6ychspe60lquu3eyze,terra1g0deaesmwy2qg9zupynx6ychspe60lquu74ej2,0.62,3303235,1,5
Galactic Punks Validator,Active,terravaloper15lsftv92eyssjwkh2393s0nhjc07kryqen2fqf,terra15lsftv92eyssjwkh2393s0nhjc07kryqeux5s6,0.98,5254310,1,5
Orion - Auto-Compound & Zero Fees,Active,terravaloper1dvl464gpzxwru4a97q6pzqv7n7rcnxwlyspnau,terra1dvl464gpzxwru4a97q6pzqv7n7rcnxwlyldwd0,0.66,4376979,250,0
Eclipse,Active,terravaloper13e2s6ka2jcm6a0hueplhzyq2fxqrkgeyqpusda,terra13e2s6ka2jcm6a0hueplhzyq2fxqrkgeyqwsdaw,0.81,4187541,91,5
danku_zone w/ DAIC,Active,terravaloper17kh8ngu3s74epwympaxrp4ukahm5rvtf5zc8ma,terra17kh8ngu3s74epwympaxrp4ukahm5rvtf5d56tw,1.24,6609696,1,5
Chaos Protocol,Active,terravaloper14ane45ue9c3v46gdxz4555jlph9zkw9ncxfw74,terra14ane45ue9c3v46gdxz4555jlph9zkw9ncf9nwx,0.41,2199912,1,10
Staker Space,Active,terravaloper1jncrqd24wtcdpes9y89qsh0jn5c8sayn92302l,terra1jncrqd24wtcdpes9y89qsh0jn5c8sayn99aj6v,0.72,3392881,800,5
Crypto Plant,Active,terravaloper1zq2zstc4f6n7xcr343f9dgqun3dd07kycefdfr,terra1zq2zstc4f6n7xcr343f9dgqun3dd07kyck9ses,0.55,2886598,60,10
The Mafia Wins. Redelegate,Jailed,terravaloper19tuccjztpgq75dg4766dz9e7lsmy5gtu2c6u3w,terra19tuccjztpgq75dg4766dz9e7lsmy5gtu2hkppa,0,0,0,0
chainon,Inactive,terravaloper1qydjryxqkz9n7x8kcrl3c0w0yckwswgjmu0qd8,terra1qydjryxqkz9n7x8kcrl3c0w0yckwswgjmnraa5,0,0,1,20
The Charity Block,Active,terravaloper1jjacfews36euh6apk0w2e432vflyw4rapvlxv6,terra1jjacfews36euh6apk0w2e432vflyw4raprnmuf,0.26,1402551,1,100
Stakin,Active,terravaloper1mgpgp53tynj4djmckxdjhufa7q8lqqjuwnrlqm,terra1mgpgp53tynj4djmckxdjhufa7q8lqqjuwu0zsg,0.78,4197266,96,5
Craig,Active,terravaloper1pervlaqpwmyh6t5dnly34t6d6wptstwt66tu20,terra1pervlaqpwmyh6t5dnly34t6d6wptstwt648p6u,0.71,3708631,1,5
Uranus,Active,terravaloper1kmgayukw7an8nthaj8qnh9cdwv7pp0rekpjefv,terra1kmgayukw7an8nthaj8qnh9cdwv7pp0rekw7yel,0.33,1728453,1,5
FreshLUNA.com,Active,terravaloper1ygwhuksjq3nymd9n8kmceaxd3vxv97u7ja33aj,terra1ygwhuksjq3nymd9n8kmceaxd3vxv97u7jjavdp,0.83,4311050,99,10
Monster Node,Active,terravaloper1xgejf5yvc2ff4ddrd4nuvcmexx5sn94aaz84tc,terra1xgejf5yvc2ff4ddrd4nuvcmexx5sn94aadtgmt,0.6,3207590,1627.634433,10
Lunatic Validator,Active,terravaloper1s0wcr80ud0xd5zwkwg7wkue4wegmtae2tsxsg2,terra1s0wcr80ud0xd5zwkwg7wkue4wegmtae2tl2dce,0.53,1815303,95,20
0base.vc,Active,terravaloper1plxp55happ379eevsnk2xeuwzsrldsmqduyu36,terra1plxp55happ379eevsnk2xeuwzsrldsmqdngppf,0.76,4067294,1601,9
Legend.X,Active,terravaloper1dssjvxrvf06mw34jj965c5ca3a45my9yz5dgk8,terra1dssjvxrvf06mw34jj965c5ca3a45my9yzmp4x5,0.17,893382,1,20
USTC Buyback üî• | Terra-Aventura üåñ,Jailed,terravaloper15gs5cy87n5jxddf4vq94efre9uwkrt9xaaw9z7,terra15gs5cy87n5jxddf4vq94efre9uwkrt9xajzcjd,0,0,0,2
Mr.K,Active,terravaloper16a0x4us8x6yg2xj5upx88hcum2cymknekepvgs,terra16a0x4us8x6yg2xj5upx88hcum2cymknekkd3cr,0.41,2205576,98.955909,10
ShapeShift DAO,Jailed,terravaloper1xvcllwusyx7pf539es7f8dsdnffmur6xz32lm7,terra1xvcllwusyx7pf539es7f8dsdnffmur6xz7xztd,0,0,1,5
CAPAPULT,Active,terravaloper1cqc26lnatzxvu0z5nd4yx8m4ecllkm7jlakwrw,terra1cqc26lnatzxvu0z5nd4yx8m4ecllkm7jlj6nna,1.04,5553765,1,5
MANTRA DAO,Active,terravaloper1yej82e2zursn2f56vgxfvmydwj9f2awluhusqh,terra1yej82e2zursn2f56vgxfvmydwj9f2awlucsdsy,0.48,2559289,1,2
Interstellar Lounge ü•É üç∏ üçπ,Active,terravaloper1kepapcnh78hsk8nx2u9nv05rn7vjwwf4fr59zu,terra1kepapcnh78hsk8nx2u9nv05rn7vjwwf4fvccj0,1.38,7380059,100,5
CoinBevy,Jailed,terravaloper1euux2fewt2vqalvef0mgvsw4u3dkd0c8mese63,terra1euux2fewt2vqalvef0mgvsw4u3dkd0c8mkuy2z,0,0,1,10
TERRA-FIRMA,Active,terravaloper1s6j9wxyprdsxmdf6mvsegsldvmtk0p92pa7aey,terra1s6j9wxyprdsxmdf6mvsegsldvmtk0p92pjjqfh,0.93,4986702,1,5
polkachu.com,Active,terravaloper1rr2g4z2ch4cqwl8s70yj94a5l2vakg0v36nmjh,terra1rr2g4z2ch4cqwl8s70yj94a5l2vakg0v34lxzy,2.9,8751971,150,0
coreweave,Jailed,terravaloper1rgsr8ks5lj5lcrrnlarmcwxlgtwn8mkyrz6unf,terra1rgsr8ks5lj5lcrrnlarmcwxlgtwn8mkyrdkpr6,0,3492408,8789.871,5
Anchor Staking,Jailed,terravaloper1r5np29ppsh7l3zq2qjsegwak7t6y0h97l79dr2,terra1r5np29ppsh7l3zq2qjsegwak7t6y0h97l3fsne,0,0,0,10
Talis Protocol,Active,terravaloper1vjr8z6g38f39j23y55pdektc3l2uqc9y02f9k5,terra1vjr8z6g38f39j23y55pdektc3l2uqc9y099cx8,0.43,2313313,1,10
RockawayX Infra,Active,terravaloper1yw20fl3fg0hlsq4xkd8w9wfzddpqzuyd74j25r,terra1yw20fl3fg0hlsq4xkd8w9wfzddpqzuyd767hys,0.48,2449140,1,20
TerRarity.io,Active,terravaloper1net6ytfaamgcrlrjgnkyjp6zkjxrsgg5vrnxlz,terra1net6ytfaamgcrlrjgnkyjp6zkjxrsgg5vvlm03,0.64,3134885,108.391213,10
Forbole,Active,terravaloper1v6pfkm0nxpudgantwxwhz786l8me0wfs4lnpuw,terra1v6pfkm0nxpudgantwxwhz786l8me0wfs4sluva,0.14,748690,99,0
AuraStake,Active,terravaloper1ulwqct0df2xuuaqzcq4yax3msdqgew6ehhcl7r,terra1ulwqct0df2xuuaqzcq4yax3msdqgew6ehc5zws,0.45,2445190,90,5
KK Validator,Active,terravaloper1lnlasdy5r2hdjz3ta2r86ufkz309zdjvqshec4,terra1lnlasdy5r2hdjz3ta2r86ufkz309zdjvqlmygx,0.56,2871432,1,5
ChainofSecrets.org,Jailed,terravaloper1ekq8xuypdxtf3nfmffmydnhny59pjuy0p8wpn7,terra1ekq8xuypdxtf3nfmffmydnhny59pjuy0pgzurd,0,2363510,304.9695,2
StakeBin,Active,terravaloper13n2fsvfvj28eqvkjejhqlxf3pch3muxkxudacc,terra13n2fsvfvj28eqvkjejhqlxf3pch3muxkxnpqgt,0.61,3356634,560,5
infstones,Active,terravaloper1gfajnv0ud3r6kecvzzqm5acd2adntvgwmzzr72,terra1gfajnv0ud3r6kecvzzqm5acd2adntvgwmdw7we,0,2000038,5,8
Terran One,Active,terravaloper1gtw2uxdkdt3tvq790ckjz8jm8qgwkdw3uptstn,terra1gtw2uxdkdt3tvq790ckjz8jm8qgwkdw3uw8dmq,2.22,11572779,1,10
Inotel,Active,terravaloper10qz4hfudfnllkgvhnm7k40dewg27nhxz3yn895,terra10qz4hfudfnllkgvhnm7k40dewg27nhxz3tl648,1.57,8148780,1,10
Flipside,Active,terravaloper1mh0zq89rggupayas2jlfffcyshaf4ep2j09jyv,terra1mh0zq89rggupayas2jlfffcyshaf4ep2jqf05l,0.92,4912945,10,20
Zeus Staking,Jailed,terravaloper1h0z9l64y6alk2kzk8c6z5hq2c40peuhvjg2g0k,terra1h0z9l64y6alk2kzk8c6z5hq2c40peuhvj8x4l9,0,0,0,0
Stake N Shake,Active,terravaloper1xy9c3fw8am0z942qa73e6gq89fhqzvyfv4qq6f,terra1xy9c3fw8am0z942qa73e6gq89fhqzvyfv6va26,0.39,2216917,1,5
WeStaking,Active,terravaloper1d3dgxxsxmlp6txfjegzjqh7tmf9wrlzwqswkz3,terra1d3dgxxsxmlp6txfjegzjqh7tmf9wrlzwqlztjz,0.16,848308,1,10
Leviathan,Active,terravaloper1j732suztf853vu24pkft2rjct8f55g7vw2w3kd,terra1j732suztf853vu24pkft2rjct8f55g7vw9zvx7,0.53,2767561,0.9999,10
RuneTerra,Active,terravaloper1ettjrqla8cpmx0wvdurjynn7776gurx5yp9pe4,terra1ettjrqla8cpmx0wvdurjynn7776gurx5ywfufx,0.62,3266715,1,20
üî• LUNC DAO üî•,Active,terravaloper1tz203ptlsfs8c63f2j0d0872pt5frjrvtfg0vd,terra1tz203ptlsfs8c63f2j0d0872pt5frjrvtxyju7,1.31,7006488,99,10
Sarah Kerrigan,Active,terravaloper1a4us48c6q5tnew0an0283j3zz8pvqry993wzxm,terra1a4us48c6q5tnew0an0283j3zz8pvqry997zlkg,0.4,2158050,1,10
StakeMachine,Active,terravaloper18kele3jy20uu8ezm8ylcp9tcsqhaup0rt25uu5,terra18kele3jy20uu8ezm8ylcp9tcsqhaup0rt9cpv8,0.17,915172,50,10
Lavender.Five Nodes üêù,Active,terravaloper1vcd42qfvlvnjwaw7hvl6y32wrzqxvas653yus9,terra1vcd42qfvlvnjwaw7hvl6y32wrzqxvas657gpqk,0.23,1239504,95.639,5
PFC - Panama Flower Company,Active,terravaloper1hr7svdp2rga9vf3ry95sx7g5wyspgwmg96vqg5,terra1hr7svdp2rga9vf3ry95sx7g5wyspgwmg94qac8,1.01,5354377,102,5
SafePoint,Active,terravaloper1wuqf6xq54n5n4hus2wn849ttx02xznvj0ewmxp,terra1wuqf6xq54n5n4hus2wn849ttx02xznvj0kzxkj,0.65,4036267,240,10
dacm,Active,terravaloper14yeuqqg2e2fc2mcrghuqxh0w43xshpzrhnhz86,terra14yeuqqg2e2fc2mcrghuqxh0w43xshpzrhumlhf,0.56,2955452,91,5
manago.cloud,Inactive,terravaloper12qqr5crucyzfxduu2a9glqsuvvadw9828uw9nj,terra12qqr5crucyzfxduu2a9glqsuvvadw9828nzcrp,0,0,1,1
White Whale,Active,terravaloper1wr0p7dzss74wfmzfqm8r65mk26efg5zhzpm77s,terra1wr0p7dzss74wfmzfqm8r65mk26efg5zhzwhrwr,0.94,5033756,640.031411,10
kytzu,Active,terravaloper1urzdtmrl3sg3zt65jzr9mw70tsen578w2yfjl4,terra1urzdtmrl3sg3zt65jzr9mw70tsen578w2t900x,0.34,1832479,16000,10
Top Shelf,Active,terravaloper1a98g7kjemhgvmu4zyddnrv8fgccd4keac0w38t,terra1a98g7kjemhgvmu4zyddnrv8fgccd4keacqzvhc,0.59,3154447,1,10
TerraDactyl,Active,terravaloper1axr9pdaf5u0jryrlzhs4twvyaj4rr49mmvywn8,terra1axr9pdaf5u0jryrlzhs4twvyaj4rr49mmrgnr5,0.88,4528182,1,10
Synergy Nodes,Active,terravaloper1tm0xkark2ufecmdhgaaw7gqsycyt4qag6py8x6,terra1tm0xkark2ufecmdhgaaw7gqsycyt4qag6wg6kf,0.65,3472425,1,5
moonshot,Active,terravaloper1l9mchtvqgvpyskgtemsrkjn0e57a7wm6c863uj,terra1l9mchtvqgvpyskgtemsrkjn0e57a7wm6cgkvvp,0.43,2278112,1,5
Electron Labs,Jailed,terravaloper1yejn4qj9uy7xw9e2z5328uxxm5jzgu3etm9v4q,terra1yejn4qj9uy7xw9e2z5328uxxm5jzgu3et5f39n,0,2181598,390,8
TTLG Money,Active,terravaloper1t3zvwaz7v3epg3f33waxajv4nj95mt8ma9yc7g,terra1t3zvwaz7v3epg3f33waxajv4nj95mt8ma2g9wm,0.81,4311171,1,5
Luna Burn Club,Inactive,terravaloper1s3q7rzhnkhrhf2fn6c8026sm6hexnhu6cx22x7,terra1s3q7rzhnkhrhf2fn6c8026sm6hexnhu6cfxhkd,0,0,1,5
Aardvark,Active,terravaloper1wzvgc8j840qtsfsa55kuf9cypqwa2tqnkrduqx,terra1wzvgc8j840qtsfsa55kuf9cypqwa2tqnkvpps4,1.47,7714693,1,4
TheNFTProject,Active,terravaloper1ltegerwren4tcaxpwxpkgs94ztnrcu0sk9cajz,terra1ltegerwren4tcaxpwxpkgs94ztnrcu0sk25qz3,1.26,6521851,5,100
Goliath,Active,terravaloper1chzrxuuajgp4huaanpwuz63xtc2wyq3mfzpk5f,terra1chzrxuuajgp4huaanpwuz63xtc2wyq3mfddty6,0.66,3265792,1,9
syncnode,Active,terravaloper1e4sju9ya52l8ndjcneut4hg52y228360j0w86r,terra1e4sju9ya52l8ndjcneut4hg52y228360jqz62s,1.35,7241574,405,10
Clorophilla,Inactive,terravaloper1cehw6u08tyxyyygy04eftqnswd0f2c2zsprc9t,terra1cehw6u08tyxyyygy04eftqnswd0f2c2zsw094c,0,0,1,7
Cros-Nest,Active,terravaloper1ktu7a6wqlk6vlywf4rt6wfcxuphc0es27p0qvx,terra1ktu7a6wqlk6vlywf4rt6wfcxuphc0es27wrau4,0.65,3485156,2515.637856,6
UST Zone | powered by FatMan,Jailed,terravaloper1e69j0asssglm4nccrw2hk9vzl9mrqq8jrwxwlu,terra1e69j0asssglm4nccrw2hk9vzl9mrqq8jrp2n00,0,0,0,10
Gidorah,Active,terravaloper13qjxhnw98lm36rxc9yjakkmulhpv7zctdhcl03,terra13qjxhnw98lm36rxc9yjakkmulhpv7zctdc5zlz,1.17,6257187,1,5
KingSuper,Active,terravaloper1yh4u76y405t3ff9lyrzhhe8legjx9k3as5mujs,terra1yh4u76y405t3ff9lyrzhhe8legjx9k3asmhpzr,0.77,4077871,99,10
TdrSys,Active,terravaloper1cs0dspacdhym4cwcm3f7suurfszvl6k5s9p06a,terra1cs0dspacdhym4cwcm3f7suurfszvl6k5s2dj2w,0.87,4693293,820,5
Vixello,Inactive,terravaloper13qm5xdmvnexxjplw0dvmxcvqmxqscpavtpm2nn,terra13qm5xdmvnexxjplw0dvmxcvqmxqscpavtwhhrq,0,0,2,1
Terrascope,Active,terravaloper1jt8pcx4sesgztjkjsvjjqtvyfgcehqx09u4exq,terra1jt8pcx4sesgztjkjsvjjqtvyfgcehqx09neykn,0.46,7320505,1,0
üôè uGaenn ‚õÖ,Active,terravaloper1cl8j3r09vmlxf5zsq4xms7td8x2qcfml8637yf,terra1cl8j3r09vmlxf5zsq4xms7td8x2qcfml84ar56,0.88,4598746,931,5
Luna Station 88,Active,terravaloper1ccwgk6gvgtm556gxe0v79p48nrgsey05w3fle4,terra1ccwgk6gvgtm556gxe0v79p48nrgsey05w79zfx,0.7,3798182,88,5
ISS,Active,terravaloper17q3y0exn6ndxkf78rcvj70gp7mrezmdx4z54xu,terra17q3y0exn6ndxkf78rcvj70gp7mrezmdx4dcgk0,1.06,5594673,1,4
Ceres Ventures,Active,terravaloper1q8w4u2wyhx574m70gwe8km5za2ptanny9mnqy3,terra1q8w4u2wyhx574m70gwe8km5za2ptanny95la5z,0.86,4456908,113.728075,5
PigCash,Active,terravaloper1r98p8xdrn68fxslfv3fey5sfuqfs8tuth0m67l,terra1r98p8xdrn68fxslfv3fey5sfuqfs8tuthqh8wv,0.33,1751646,399.96,19
AutoStake üõ°Ô∏è Slash Protected,Active,terravaloper1yy5379nk24xffpq4egw7ue4ad3j7l79ma2enmz,terra1yy5379nk24xffpq4egw7ue4ad3j7l79ma94wt3,0.71,4210907,100,3
Centauri Alpha,Active,terravaloper1fs8g3mlg3f4f4yrckvwk7dk4lt3nv4gtx2uqwj,terra1fs8g3mlg3f4f4yrckvwk7dk4lt3nv4gtx9sa7p,1.02,5415235,1,4
stakingcabin,Active,terravaloper1jveyrzquwrt0txanmhg7jdhf2q4ry28k2esps4,terra1jveyrzquwrt0txanmhg7jdhf2q4ry28k2kuuqx,0.43,2327067,99,5
Terra Rebirth 0%,Jailed,terravaloper10q8xdprmkefzuxkr8lms7frga7ww7c8kmpdw3q,terra10q8xdprmkefzuxkr8lms7frga7ww7c8kmwpnpn,0,0,0,0
WhisperNodeü§ê | REStake + 100% MEV to Stakers üíµ,Active,terravaloper1pwum4swah9t5mjynalk3f334v4ztxc66k29v25,terra1pwum4swah9t5mjynalk3f334v4ztxc66k9f368,0.31,1645683,1,5
Kiki Finance,Active,terravaloper1kcsunyhnhmnc0afrrynd7qfzykmhm3w5ely6fh,terra1kcsunyhnhmnc0afrrynd7qfzykmhm3w5esg8ey,0.72,2787045,1,10
Genesis Lab,Active,terravaloper1tfy452kxfcsa2353nenltade9esj7ffrc38gwn,terra1tfy452kxfcsa2353nenltade9esj7ffrc7t47q,0.83,4443939,90,7
MCF,Active,terravaloper1uy69jhptztw02z03qnh430d2vsmh937gy55pkm,terra1uy69jhptztw02z03qnh430d2vsmh937gymcuxg,0.47,2500578,93.612833,20
Y,Active,terravaloper18pmvpy25zc7x0u8ppefuyyl2zaafe2wut0nm5e,terra18pmvpy25zc7x0u8ppefuyyl2zaafe2wutqlxy2,0.88,4697300,100,5
HappyLunatic,Active,terravaloper1mh6zgqltndg3jq2unqh4nldgameavpm6pzdk8v,terra1mh6zgqltndg3jq2unqh4nldgameavpm6pdpthl,0.52,2690526,5,5
High Stakes üá®üá≠,Active,terravaloper1pgyelqv0hwjavgf6vhdm4e4pt766wfxxczu20l,terra1pgyelqv0hwjavgf6vhdm4e4pt766wfxxcdshlv,0.69,3706020,1,10
Nexus Event,Active,terravaloper1ltn4ah8k5a2alm9ekgf0e90zmt26kq6nztzatm,terra1ltn4ah8k5a2alm9ekgf0e90zmt26kq6nzywqmg,0.36,1951873,1,5
Pro-Nodes75,Active,terravaloper1puzp2yjqps43x7nse33svljc550xjz35jxg432,terra1puzp2yjqps43x7nse33svljc550xjz35jfygpe,0.63,3384553,3391.091764,5
Wave,Active,terravaloper1g50t9cxzhu0edk2r5lagmujupt722mhefxvzzy,terra1g50t9cxzhu0edk2r5lagmujupt722mheffqljh,0.81,4388332,1,15
Citadel.one Shut down starting July 5th,Jailed,terravaloper1d2hyv233pl8l62zn2zs3c8wc2skkphssc6vuyy,terra1d2hyv233pl8l62zn2zs3c8wc2skkphssc4qp5h,0,0,0,5
Zero,Inactive,terravaloper1yp9hzs5j7kuc99x0uude57zmvxf89w2ykvpy80,terra1yp9hzs5j7kuc99x0uude57zmvxf89w2ykrdehu,0,0,1,0
Spica Nova,Active,terravaloper1j5k9jank9kkwwjwce0ljy723xfppnpunv959l0,terra1j5k9jank9kkwwjwce0ljy723xfppnpunv2cc0u,0.45,2353063,1,10
Un Fuego,Active,terravaloper1aprcgxpt7zynnklu5sp2q0f0l3xh8d6lcq4f2f,terra1aprcgxpt7zynnklu5sp2q0f0l3xh8d6lc0e566,0.18,892359,1,5
Obi (Formerly Terra Bites),Active,terravaloper1src9wvawtfl6ztxss8zu45zuxnwj4ytpnr30jn,terra1src9wvawtfl6ztxss8zu45zuxnwj4ytpnvajzq,0.74,3976729,1,10
Secure Secrets,Active,terravaloper1wzu2j73nvccghywtghku5ch59f67jykw58na64,terra1wzu2j73nvccghywtghku5ch59f67jykw5glq2x,0.96,5089565,3497,5
Active Nodes,Active,terravaloper1a9zv7n6pmkzlm3wj6c23qyejqlmyxsl5faanrv,terra1a9zv7n6pmkzlm3wj6c23qyejqlmyxsl5fj3wnl,0.19,1037005,100.54901,5
Skip Labs,Jailed,terravaloper1uqk5g0yyza95reyujg9fjydah8pxps6uu549uj,terra1uqk5g0yyza95reyujg9fjydah8pxps6uumecvp,0,1042344,2,10
coinhall.org,Active,terravaloper1ge3vqn6cjkk2xkfwpg5ussjwxvahs2f6at87yp,terra1ge3vqn6cjkk2xkfwpg5ussjwxvahs2f6aytr5j,1.71,9130001,513.876724,5
Noderunners,Active,terravaloper17utc33x2x8qxqxhynch45lfa8ecwhawjugsuw5,terra17utc33x2x8qxqxhynch45lfa8ecwhawju8up78,0.32,1668320,264,10
Phoenix,Active,terravaloper1r9rnj28lyl788sp2uaw53a5p4j95dc9gvynzh6,terra1r9rnj28lyl788sp2uaw53a5p4j95dc9gvtll8f,0.45,2405648,1,8
Red Herring | 0% Commission | 100% Uptime,Jailed,terravaloper1qdspntsxzna8l8sp4ma8x0dyk0q7cgzvfj9vgc,terra1qdspntsxzna8l8sp4ma8x0dyk0q7cgzvfaf3ct,0,0,2,0
Nodeasy,Inactive,terravaloper12qvrr6j7u3z5el5uuwg99ftx3jru5py6027gfx,terra12qvrr6j7u3z5el5uuwg99ftx3jru5py609j4e4,0,0,2,10
Everstake,Inactive,terravaloper13g7z3qq6f00qww3u4mpcs3xw5jhqwraswraapc,terra13g7z3qq6f00qww3u4mpcs3xw5jhqwraswv3q3t,0,0,6,10
OneStar,Active,terravaloper1yt7hhu4xpwe2dqg6euda5t3pvx0mhsmvap548h,terra1yt7hhu4xpwe2dqg6euda5t3pvx0mhsmvawcghy,0.42,2169857,90,5
SCV-Security,Active,terravaloper10c04ysz9uznx2mkenuk3j3esjczyqh0j783nzt,terra10c04ysz9uznx2mkenuk3j3esjczyqh0j7gawjc,1.52,9015542,1,5
Orbital Command,Active,terravaloper1lelhxdzwn9ddecv6sv0kcxj5tguurxnzcfs5wf,terra1lelhxdzwn9ddecv6sv0kcxj5tguurxnzcxuf76,2.38,12714849,1,5
Imperator.co,Active,terravaloper1u53qwdgafryksqnzq3k7e5eyph7jlh8kgc3va4,terra1u53qwdgafryksqnzq3k7e5eyph7jlh8kgha3dx,0.37,1975383,1,5
BTC.Secure | 100% guarantee of rewards by Staking Services Agreement,Active,terravaloper15389y60f0rk596tm38qewqycr8ztt8hshsf2mk,terra15389y60f0rk596tm38qewqycr8ztt8hshl9ht9,0.62,3383908,1,10
HEX TRUST,Active,terravaloper1hy99h5xn44jtn76dla93wsps8h2eqsxqah4zhj,terra1hy99h5xn44jtn76dla93wsps8h2eqsxqacel8p,0,1711918,1,10
Moonlet,Jailed,terravaloper19qg4kyw7cltfaw5m7yh7cqsygvjgtu35rxr4t6,terra19qg4kyw7cltfaw5m7yh7cqsygvjgtu35rf0gmf,0,0,1,10
Dabu Dabu | 0% fee,Jailed,terravaloper1j2ee3ykhae8na9gq8u4lsamff3armts204eyaq,terra1j2ee3ykhae8na9gq8u4lsamff3armts2064edn,0,0,0,0
RockX,Active,terravaloper17846saa8hspkt2wgqdycd3arxk8ykrusg6h5aa,terra17846saa8hspkt2wgqdycd3arxk8ykrusg4mfdw,0.49,2594852,1,10
TCB @THORmaximalist,Active,terravaloper1kxyzu575tex8dv6d5uk26t4q8x5lusw082w3t8,terra1kxyzu575tex8dv6d5uk26t4q8x5lusw089zvm5,3.55,19050841,1,0
StakeWithUs,Active,terravaloper1wwq9mfkkqfta334d4hcjrjau9y50a4hw37zhdl,terra1wwq9mfkkqfta334d4hcjrjau9y50a4hw33w2av,0.82,4384019,15801,5
Block-Foundry,Active,terravaloper14q4vvp2vtmfcaejx4qy8nw9autudx0zjt30r24,terra14q4vvp2vtmfcaejx4qy8nw9autudx0zjt7r76x,0.84,4474848,1,10
Bit Catüê±,Inactive,terravaloper1k4ef8m95t7eq522evmmuzvfkpla04pezmu4j7k,terra1k4ef8m95t7eq522evmmuzvfkpla04pezmne0w9,0,0,76.085595,0
waltsoft.money,Inactive,terravaloper1a6n088fsjxp7e63zrh7dvllhelksu6g0wzqal5,terra1a6n088fsjxp7e63zrh7dvllhelksu6g0wdvq08,0,0,4.000001,5
0% Fee to 2025 | Stakewolle.com,Inactive,terravaloper1nk0rv2aa8n5hlyd8s9pj73mvn6kpryfnhwq9h9,terra1nk0rv2aa8n5hlyd8s9pj73mvn6kpryfnhpvc8k,0,0,9,3
Angel Protocol,Active,terravaloper10ge6t62gzesz378e09kkgqvx9ev7tf6xcsrqqu,terra10ge6t62gzesz378e09kkgqvx9ev7tf6xcl0as0,0.56,2976481,1,20
Shigeo808 | Shutting down validator, please redelegate,Jailed,terravaloper1jxlfmwux3veu62n5dl8njqvplajr5ek4xdnv6d,terra1jxlfmwux3veu62n5dl8njqvplajr5ek4xzl327,0,0,0.9999,4
Moon Dog,Active,terravaloper1ygmjw8f34uadvspjfeu7vhptqmp8j925adyusw,terra1ygmjw8f34uadvspjfeu7vhptqmp8j925azgpqa,0.56,2902165,1,10
KuCoin,Jailed,terravaloper183kevvgrqvav9sa0lwzhr54jngxw6sac90jvs2,terra183kevvgrqvav9sa0lwzhr54jngxw6sac9q73qe,2.09,11231325,1.000001,10
01node,Active,terravaloper1wdymftapg5pcvf2aqw4pd0yuuh5w9m6yqdnukv,terra1wdymftapg5pcvf2aqw4pd0yuuh5w9m6yqzlpxl,1.97,10537683,1,5
Setten,Active,terravaloper14rftkw37eltf74degzajq4s5phg23vjlu9h9as,terra14rftkw37eltf74degzajq4s5phg23vjlu2mcdr,1.36,7378429,1,5
Autism Staking,Active,terravaloper10mmhvx5nrnuye2x9zhe02jcg0hfzzzjlwc0sxw,terra10mmhvx5nrnuye2x9zhe02jcg0hfzzzjlwhrdka,0.45,2325660,102,5
jesselstake,Active,terravaloper1ysc3qzsqac2tunsmz9uy4gmtjqevvmtxpn0g6l,terra1ysc3qzsqac2tunsmz9uy4gmtjqevvmtxpur42v,0.37,1927774,1,20
Stakely.io,Active,terravaloper16vc0num5aaq4mqdh4vjhs02s3ypd0j8c7ujxpm,terra16vc0num5aaq4mqdh4vjhs02s3ypd0j8c7n7m3g,0.36,1917920,1,5
Interdimensional Cable,Active,terravaloper1qlgyrmaadru03rd9j0w9nr5p2quhthlrhujknq,terra1qlgyrmaadru03rd9j0w9nr5p2quhthlrhn7trn,0.52,2767310,1,10
Luna Rewards,Active,terravaloper1hy8lzd38kp0t8662r2vnxsc4ezs3l74506jx02,terra1hy8lzd38kp0t8662r2vnxsc4ezs3l745047mle,0.59,3112562,369,5
NFTSwitch.xyz w/ Reality Flux,Active,terravaloper1vrkzjujfds9p8t5g0xety3e3ft4dep02etv9le,terra1vrkzjujfds9p8t5g0xety3e3ft4dep02eyqc02,0.57,3074389,200,5
nakanodo.xyz üçã,Active,terravaloper1p84hlkya983t2nugr8z6v9upceq4unjja2hfju,terra1p84hlkya983t2nugr8z6v9upceq4unjja9m5z0,0.37,2002391,19.998,10
Luna Whale,Active,terravaloper1znh6eq79l3z5l7ctnrjr2d8ksaght25lku6mlw,terra1znh6eq79l3z5l7ctnrjr2d8ksaght25lknkx0a,0.73,3822006,98,20
Hermes Protocol | Earn airdrops & more!,Active,terravaloper1g6pwngzfj73wnxm7y5gae0thylphugumc96gh3,terra1g6pwngzfj73wnxm7y5gae0thylphugumc2k48z,0.22,1134972,300,5
DELIGHT,Active,terravaloper1f6wuq93320s6w7vvnkc0576g9mtqfmz9a8wqxk,terra1f6wuq93320s6w7vvnkc0576g9mtqfmz9agzak9,0.78,4104830,10000,10
Smart Stake,Active,terravaloper188e99yz54744uhr8xjfxmmplhnuw75xea55zfp,terra188e99yz54744uhr8xjfxmmplhnuw75xeamclej,2.48,11053352,1400,5
Enigma,Active,terravaloper1u8lglu36g5x6shp2xyd35hcs45x9cvmj6tmvd8,terra1u8lglu36g5x6shp2xyd35hcs45x9cvmj6yh3a5,0.54,2805590,96,10
SeltonStake.com,Active,terravaloper14rw9dq3tj9y0k9pg2jquh922fdv5nupr0nn7k8,terra14rw9dq3tj9y0k9pg2jquh922fdv5nupr0ulrx5,0.87,4649154,11,20
StakeLab,Inactive,terravaloper10ahmn0ucd9selcv77rwysx5pvd607z04zde7uh,terra10ahmn0ucd9selcv77rwysx5pvd607z04zz4rvy,0,0,1,0
Humble Beginnings,Active,terravaloper1rj6xj0lfrksr4uecp7n26l4rzmhqcqcaq3z656,terra1rj6xj0lfrksr4uecp7n26l4rzmhqcqcaq7w8yf,0.39,2093898,2000,0
Hex Trust,Inactive,terravaloper1wyycam5xm0hdfe8ekeddwue72fcz4gnjggpgnh,terra1wyycam5xm0hdfe8ekeddwue72fcz4gnjg8d4ry,0,0,1,10
LUNAStaker,Active,terravaloper19kg9ncvkuk08pxz0rnnywh65h5tvux9mlj7tc3,terra19kg9ncvkuk08pxz0rnnywh65h5tvux9mlajkgz,0.61,0,149.5,0
Prism Protocol | Delegate for airdrop,Active,terravaloper18vnm040mwk0d6plc60v5m9h2376gkcphknuwzs,terra18vnm040mwk0d6plc60v5m9h2376gkcphkusnjr,1.33,6848709,10,10
WildSage üßô 0% all 2023!,Active,terravaloper1l920a79akuc98hz4389axf9ctcymrf5ays578x,terra1l920a79akuc98hz4389axf9ctcymrf5aylcrh4,0.28,1464000,2,0
